{
  "overall": {
    "details": {
      "baseline": {
        "accuracy": 0.59,
        "avg_time": 1.8988190793991089
      },
      "semantic_only": {
        "accuracy": 0.7,
        "avg_time": 4.506815619468689
      },
      "bm25_only": {
        "accuracy": 0.7,
        "avg_time": 4.6140981912612915
      },
      "hybrid": {
        "accuracy": 0.74,
        "avg_time": 11.443784172534942
      },
      "enhanced": {
        "accuracy": 0.76,
        "avg_time": 18.201917626857757
      }
    },
    "best": "enhanced"
  },
  "by_variant": {
    "baseline": {
      "accuracy": {
        "overall": 0.59,
        "by_category": {
          "fact": 0.5,
          "requirement": 0.7391304347826086,
          "complex": 0.5,
          "definition": 0.0,
          "process": 0.75,
          "edge_case": 0.2857142857142857
        },
        "by_difficulty": {
          "L1_fact": 0.5,
          "L2_definition": 0.75,
          "L3_conditional": 0.6363636363636364,
          "L4_multi_step": 0.6875,
          "L5_edge_case": 0.2857142857142857
        }
      },
      "response_time": {
        "avg": 1.8988190793991089,
        "total": 189.8819079399109
      },
      "confidence_calibration": {},
      "citation_quality": {
        "coverage": 0.0,
        "quality": 0.0
      },
      "retrieval_precision": {
        "p_at_1": 0.0,
        "p_at_3": 0.0,
        "evaluated": 0
      }
    },
    "semantic_only": {
      "accuracy": {
        "overall": 0.7,
        "by_category": {
          "fact": 0.7916666666666666,
          "requirement": 0.782608695652174,
          "complex": 0.3,
          "definition": 0.0,
          "process": 0.8214285714285714,
          "edge_case": 0.5
        },
        "by_difficulty": {
          "L1_fact": 0.7916666666666666,
          "L2_definition": 0.7083333333333334,
          "L3_conditional": 0.6363636363636364,
          "L4_multi_step": 0.8125,
          "L5_edge_case": 0.5
        }
      },
      "response_time": {
        "avg": 4.506815619468689,
        "total": 450.6815619468689
      },
      "confidence_calibration": {},
      "citation_quality": {
        "coverage": 1.0,
        "quality": 0.0
      },
      "retrieval_precision": {
        "p_at_1": 0.56,
        "p_at_3": 0.67,
        "evaluated": 100
      }
    },
    "bm25_only": {
      "accuracy": {
        "overall": 0.7,
        "by_category": {
          "fact": 0.8333333333333334,
          "requirement": 0.7391304347826086,
          "complex": 0.3,
          "definition": 0.0,
          "process": 0.8214285714285714,
          "edge_case": 0.5
        },
        "by_difficulty": {
          "L1_fact": 0.8333333333333334,
          "L2_definition": 0.6666666666666666,
          "L3_conditional": 0.7272727272727273,
          "L4_multi_step": 0.6875,
          "L5_edge_case": 0.5
        }
      },
      "response_time": {
        "avg": 4.6140981912612915,
        "total": 461.40981912612915
      },
      "confidence_calibration": {},
      "citation_quality": {
        "coverage": 1.0,
        "quality": 0.0
      },
      "retrieval_precision": {
        "p_at_1": 0.59,
        "p_at_3": 0.69,
        "evaluated": 100
      }
    },
    "hybrid": {
      "accuracy": {
        "overall": 0.74,
        "by_category": {
          "fact": 0.7916666666666666,
          "requirement": 0.782608695652174,
          "complex": 0.5,
          "definition": 1.0,
          "process": 0.8571428571428571,
          "edge_case": 0.5
        },
        "by_difficulty": {
          "L1_fact": 0.7916666666666666,
          "L2_definition": 0.75,
          "L3_conditional": 0.7727272727272727,
          "L4_multi_step": 0.8125,
          "L5_edge_case": 0.5
        }
      },
      "response_time": {
        "avg": 11.443784172534942,
        "total": 1144.3784172534943
      },
      "confidence_calibration": {
        "low": {
          "accuracy": 0.74,
          "count": 100
        }
      },
      "citation_quality": {
        "coverage": 1.0,
        "quality": 0.0
      },
      "retrieval_precision": {
        "p_at_1": 0.53,
        "p_at_3": 0.67,
        "evaluated": 100
      }
    },
    "enhanced": {
      "accuracy": {
        "overall": 0.76,
        "by_category": {
          "fact": 0.875,
          "requirement": 0.8695652173913043,
          "complex": 0.6,
          "definition": 1.0,
          "process": 0.75,
          "edge_case": 0.5
        },
        "by_difficulty": {
          "L1_fact": 0.875,
          "L2_definition": 0.8333333333333334,
          "L3_conditional": 0.7272727272727273,
          "L4_multi_step": 0.75,
          "L5_edge_case": 0.5
        }
      },
      "response_time": {
        "avg": 18.201917626857757,
        "total": 1820.1917626857758
      },
      "confidence_calibration": {
        "low": {
          "accuracy": 0.76,
          "count": 100
        }
      },
      "citation_quality": {
        "coverage": 1.0,
        "quality": 1.0
      },
      "retrieval_precision": {
        "p_at_1": 0.4,
        "p_at_3": 0.66,
        "evaluated": 100
      }
    }
  },
  "ablation": {
    "semantic_contribution": 0.10999999999999999,
    "hybrid_contribution": 0.040000000000000036,
    "enhancement_contribution": 0.020000000000000018
  }
}